learning_rate,num_hidden_layer,num_features,val_loss,val_f1
5e-05,0,[],0.5422705426102593,0.8336528550814267
5e-05,1,[641],0.46848057990982417,0.8345715131429418
